cycle_number,rul,voltage,current,capacity,charge_capacity
7,569,3.8547005889249997,-0.013196402755415315,0.19282859975802336,0.7386449335762063
8,568,3.85473781952294,-0.01608548692347149,0.19381364908369117,0.7335422580174606
9,567,3.854176522586545,-0.017276346889816534,0.1942985791400008,0.7309541196843302
11,566,3.860187716882505,-0.017671962692499578,0.19433932784932265,0.7289293828353889
12,565,3.857887075669644,-0.014868626553685737,0.1933247058876793,0.7336362985336906
13,564,3.854726589202881,-0.016271695597096066,0.1952622525119616,0.7362220247064818
14,563,3.854320675532023,-0.016176972129459802,0.19525774960502967,0.7362896982702883
15,562,3.8571525391410377,-0.013543046477302426,0.19280111330569497,0.7353214554262741
16,561,3.8570858533369665,-0.013088409318886279,0.1927944295062498,0.7350105373635317
17,560,3.85671826543655,-0.013414323872081652,0.192779349513982,0.7350618268126632
18,559,3.8566169407278457,-0.013464943792814179,0.19277842609593623,0.734807448583749
19,558,3.8564311979926207,-0.013150604009561091,0.19276558397364474,0.7345480972173252
20,557,3.856274030425332,-0.013421553383249555,0.19275802390938318,0.7342996427127142
21,556,3.856182662560978,-0.013245579636488284,0.19274853951470464,0.7339853928361296
22,555,3.8560796102737998,-0.013432161771396006,0.1927388226868074,0.7337865811408428
23,554,3.855923310320645,-0.013516049236409708,0.19273627650177702,0.7336191695296557
24,553,3.855755321482286,-0.01347120960697813,0.192732733669489,0.7333563723881923
25,552,3.8555539820920974,-0.01334489688949901,0.19271398500923295,0.7331212831721924
26,551,3.85449469568902,-0.014870561456935725,0.1932266465375716,0.7321105841458309
27,550,3.8526685779159133,-0.010357657701131364,0.18867302633352243,0.7279363679929743
28,549,3.858394006833638,-0.013293232412350534,0.18821555203082319,0.7183146794237631
29,548,3.8582421331615238,-0.01476334678431193,0.18869610346768076,0.7154811962295339
30,547,3.857538467596385,-0.01609304564170855,0.18918017383537783,0.713392335641387
31,546,3.8565052681864955,-0.01765921104841516,0.18966956074133656,0.7114608903972923
32,545,3.8610914334858935,-0.017775340953025305,0.19124518252449593,0.7143966253875226
34,544,3.8530888550919915,-0.011845929318414924,0.18760493411766202,0.7192499907189752
35,543,3.8584663617676793,-0.01431198559205552,0.18663238240013783,0.7107065960825254
36,542,3.859500075711144,-0.016238227243916804,0.18766450139541926,0.7066332018713044
37,541,3.858748883008957,-0.01614256196569512,0.18764488768061413,0.7067147634298593
38,540,3.858500244225632,-0.017796792216486817,0.18815827133190724,0.7051851499073922
39,539,3.8616164784405114,-0.01806267420728877,0.18971702388787698,0.7088331069319733
41,538,3.8539656561596662,-0.012034287141843188,0.18608123312109262,0.7132703060514479
42,537,3.8604064600427725,-0.014819498031950352,0.1856584814214187,0.7037511920479145
43,536,3.8588474698427344,-0.017944008181491868,0.18616693755270655,0.7020711269100716
44,535,3.8578441906511114,-0.01950682509434475,0.18669240985247296,0.7013223831226416
45,534,3.8581879319263104,-0.01683334945795375,0.18612603872186803,0.7017582419459131
46,533,3.861542728360139,-0.020756698917941636,0.18873764239613977,0.7025414669168568
47,532,3.8553385041096866,-0.021304399526801857,0.190176526291202,0.7090872813745803
48,531,3.8530886839221976,-0.016634201315360392,0.18564987292281848,0.706455493858539
60,530,3.834751327386063,-0.03589089551719502,0.19357031736077518,0.7080188247222317
61,529,3.839480219916864,-0.04151711101167166,0.1951549251812221,0.7020607639349168
62,528,3.837494003874047,-0.04048515007868752,0.19454217531722995,0.7035123632620175
63,527,3.8407054735384776,-0.03916858044334099,0.19257623001008528,0.7013742234912058
64,526,3.840747389300116,-0.03899282491530075,0.19102845213036254,0.6958308026475207
65,525,3.8408579399130938,-0.042737981878527884,0.19211772324949428,0.6928082193257351
66,524,3.850389967734257,-0.04072750390043297,0.19150917617239918,0.692653319927622
67,523,3.8428763859513877,-0.03923108396921648,0.19140640132186726,0.6903503346924715
69,522,3.842653138692989,-0.046688140975967345,0.19325587013524095,0.6906952480164673
70,521,3.8334072361821714,-0.04447999209733889,0.19256728584828475,0.6893784773129321
71,520,3.8361789845583734,-0.045027338058893376,0.19107098598088204,0.6855723386453022
72,519,3.8384339103251257,-0.04691017342840811,0.19162874319522963,0.6827183520162204
73,518,3.8395151987410427,-0.044279729240275754,0.19106317260787653,0.6830383490667065
74,517,3.843011265975639,-0.04140087627686964,0.18849855245928535,0.681795424175856
75,516,3.8467243479843365,-0.04617041817197342,0.19172210492344785,0.6809784347722991
76,515,3.8451824215955512,-0.04189729498001022,0.19003420423214384,0.6859989986004337
77,514,3.8443774690433425,-0.04239270542955043,0.1906688534485564,0.6847832639904547
78,513,3.8439955363815796,-0.042729671598792936,0.1905614091111366,0.684404102506037
79,512,3.84484395523404,-0.042037246102429274,0.1899936632164181,0.6850030992061493
80,511,3.8440691847842916,-0.042404268597760475,0.19059884328565602,0.6836651668874612
81,510,3.8436806264493626,-0.042465776286517,0.1905103542486252,0.683682354789806
82,509,3.8470863236321344,-0.04070143546580006,0.18809922116048633,0.6825810713359962
83,508,3.8467205479697397,-0.041229554459766095,0.1885486691554158,0.6810653446578531
84,507,3.845289576053619,-0.04321812711431689,0.18904128792317504,0.6798734865515712
85,506,3.845460088814006,-0.043008114046480896,0.18902944783578624,0.6796109886503754
86,505,3.8456373578292533,-0.04103866783059355,0.18846348609900776,0.679746443990417
88,504,3.8458382023705378,-0.03945717589556153,0.18790848588612652,0.6822567569336004
89,503,3.8437330876627276,-0.04242141066278372,0.18843632261292773,0.67959604880469
90,502,3.8424943187657523,-0.042915836195306034,0.1889810450128858,0.6778340070186469
91,501,3.843724058792654,-0.044671644572756505,0.1895248954773354,0.6768754964861226
96,500,3.680875343336186,-0.876297256073908,0.45245198497419675,0.06016304881146187
97,499,3.8445952949468154,-0.03472635714536021,0.18655846670293225,0.6801119709929794
98,498,3.8448671151609983,-0.03910117928333768,0.186414333257258,0.6778679981686804
99,497,3.8439418728021044,-0.04506577481378208,0.18961539116186898,0.676581586503062
101,496,3.8374917416278915,-0.04186408158572045,0.18840788010271647,0.6810626349654388
102,495,3.8417150132380185,-0.04408606391588923,0.18751667601067784,0.6742061939088366
103,494,3.8424425103897866,-0.044101581421768524,0.18749979479054688,0.6734802003568556
104,493,3.845262656933476,-0.043467547648477205,0.1876553049925634,0.6730856437621908
105,492,3.8374961176914955,-0.04774832047144614,0.1885693401324356,0.670727495070594
106,491,3.84466249369726,-0.04879664695980127,0.19066702429621532,0.672499320843152
107,490,3.8438826725979354,-0.0418640832475433,0.18857635941403986,0.6791822546526701
108,489,3.8397200156660642,-0.03846107162491989,0.18582652155565493,0.677855641534009
109,488,3.8439130583805823,-0.042085447241100415,0.1854536507068388,0.6694048659994912
110,487,3.8432047859637324,-0.0438045869619916,0.18596936599106953,0.6677328786391141
111,486,3.8447775833620996,-0.04391633540574562,0.18597229608474353,0.6666978269495636
112,485,3.8407980371881894,-0.04560119426236264,0.18647975209418768,0.6654182880010576
113,484,3.8501283994361537,-0.0470356829950065,0.18882802383637173,0.6669666032365366
114,483,3.8460778470575456,-0.04153313779082017,0.18735008885060264,0.6738251062897946
115,482,3.8435678686615984,-0.03658309310572029,0.184205886081479,0.6737372068491695
116,481,3.844113369187909,-0.044950700381301584,0.18606938274234824,0.6664276284081867
117,480,3.8450854559858403,-0.04502466259995464,0.1860288036577165,0.664957666447039
118,479,3.853479839370636,-0.03925791945277775,0.18395164242881962,0.6656815146516937
121,478,3.8517433605362883,-0.03591986367915782,0.18474506879508604,0.6744273473466544
122,477,3.8459969013929367,-0.040201597120055034,0.1855993715587199,0.6703212622355222
123,476,3.8453745263568044,-0.04179774006746214,0.18733481090483914,0.6723190941597367
124,475,3.845371182148273,-0.04228852870106041,0.18737535208077663,0.6736946611949975
125,474,3.8436890833476594,-0.041985519696715885,0.18719223853649633,0.6740062838658213
126,473,3.8449655472353146,-0.04047712962885571,0.18666502422274603,0.6751952610728388
127,472,3.8459304588734224,-0.040617551114393746,0.18681601676109105,0.6755534729567592
128,471,3.844286762507616,-0.040415429985022296,0.18669625083516214,0.6759902643098814
129,470,3.844114321874658,-0.040461174024979875,0.1865967172607771,0.675834747828039
130,469,3.8439332700408664,-0.04072233151232722,0.18644258664125193,0.6758132978906501
131,468,3.8436547971404758,-0.04057925280302373,0.18649654553250508,0.675935039125264
132,467,3.842861841561872,-0.04040532389366635,0.18643006963757072,0.6759703780168782
133,466,3.8440064857987797,-0.038670023817735454,0.18592189048859253,0.6768369947325252
134,465,3.8439364727805643,-0.03860161190224089,0.18600921689029648,0.6768039002307178
135,464,3.8439055169329923,-0.038969656299998275,0.1859637381941967,0.6769235298409765
136,463,3.8435759839758408,-0.040890410913111214,0.18649723775820662,0.6760747312708573
141,462,3.842716614405314,-0.05086893338179145,0.18877781743803945,0.6590549152112909
142,461,3.8441123919572657,-0.04434120275925511,0.18632574303146265,0.6668389764756949
144,460,3.833933372813535,-0.04336029187089228,0.18386282087247338,0.6655603235316575
145,459,3.842573752881546,-0.048271758215325686,0.18560482685252902,0.6569949637581531
146,458,3.876531787783082,-0.01802061610827457,0.17854911948242097,0.6718426586641059
147,457,3.8603393466849076,-0.02312049152375725,0.1815795023957368,0.6713895732511131
150,456,3.85406416062026,-0.017884062288077176,0.17848802803715572,0.6747403129954153
151,455,3.858265148151589,-0.02315229039098442,0.18004784203517896,0.6670738921342818
152,454,3.8597909670609694,-0.024927369559997966,0.18061062677045905,0.665799401381021
153,453,3.8651523778313086,-0.017213955997880878,0.1784504127358459,0.6701538740528428
154,452,3.8633366897042873,-0.016899347968075348,0.17701657735955523,0.6653055660363406
155,451,3.8662758492172284,-0.020502413980849527,0.18105373897618673,0.6698097632901423
156,450,3.8634369621387106,-0.015464507662362181,0.17950205278011214,0.6768028933596504
157,449,3.8573321535967398,-0.012109552954738636,0.17690772950209796,0.6759768107230464
158,448,3.862726212251151,-0.01716316736841943,0.1770069464220374,0.6655307354032595
159,447,3.8615039229393004,-0.020476017369859992,0.17949700640079705,0.6659758256231072
160,446,3.8645335281596465,-0.015182269471164118,0.17650055676784102,0.6664849675896342
161,445,3.859444072464574,-0.016880733406742635,0.17693119947435257,0.6652128270309854
162,444,3.8665941043718326,-0.023365904245654413,0.18063427172741792,0.6619917867228857
163,443,3.8625018465346184,-0.01658807906762535,0.17997865956934223,0.67335345831064
164,442,3.8645032495692155,-0.012390732727911108,0.1769779908110636,0.6745214460473292
166,441,3.8609332528949136,-0.020609659421135386,0.17798768932838213,0.6605839622380516
167,440,3.861500377485738,-0.018375326029025706,0.17745021907971334,0.6614928775397066
169,439,3.8634944068218195,-0.020351771011880942,0.17802823399574244,0.6605737684006102
170,438,3.8652200949819466,-0.016966687746251367,0.17849320881369124,0.667832740788994
171,437,3.863900661468506,-0.015365890783625017,0.17799150843045178,0.6713818880007925
172,436,3.861332154619521,-0.016938782125320014,0.17992851669154122,0.6734854885922104
173,435,3.8610866753951365,-0.016874496053993503,0.17994396900339285,0.6739020339582348
174,434,3.8610420890476393,-0.016887563879455243,0.17994309264077055,0.6741347458549906
176,433,3.8611736311388842,-0.015572381201314585,0.1794408281425211,0.6766556739092457
177,432,3.8618367972401524,-0.01527950410941966,0.17944769342961472,0.6755127436134832
178,431,3.8614914148529143,-0.015186222538877596,0.17944799027068972,0.6756711178841872
179,430,3.861567695705877,-0.01558957875255472,0.1794493145749879,0.6756886400605526
180,429,3.861476431692267,-0.015223222706049061,0.17945287083564523,0.6757075612734369
181,428,3.8615686390441275,-0.015279504015716735,0.17945065377267544,0.6757173992551915
182,427,3.86156629689167,-0.015179969372466707,0.17945233359941645,0.6758076237646572
183,426,3.8617343075702646,-0.015261787125293025,0.17946614694139357,0.6759812662903589
184,425,3.862543419389972,-0.013700463071829228,0.17895245446163413,0.6770191839693941
185,424,3.8630133451577224,-0.013726443743990112,0.1789750313002422,0.6774683605764809
186,423,3.8622512851737074,-0.014032504595871858,0.1789812378662286,0.6780186937414442
190,422,3.862526066535342,-0.016639252242120563,0.17695991996574256,0.6634669379451603
191,421,3.859039275603887,-0.017742098613051187,0.17743527799741954,0.6621347025559878
192,420,3.866803933592404,-0.020284038083027287,0.17952972426818378,0.664249582536311
193,419,3.863381335756174,-0.015404791248936489,0.17798505969328393,0.6711460486659581
194,418,3.8598815741413883,-0.010643083443943243,0.1749052552588546,0.6715127222176992
195,417,3.8635957899008733,-0.015017316786614481,0.1749841006433081,0.6606444690765303
196,416,3.868730101458043,-0.019991681506015768,0.17803652220619845,0.6594915040198842
199,415,3.8590073523314103,-0.011904155715972697,0.17689699130289113,0.6750069373579887
200,414,3.86125543476206,-0.016619572093915694,0.17696621520647332,0.6645963651685591
201,413,3.8636409821411855,-0.016702015779223596,0.17699073828697887,0.663708582724275
202,412,3.8629937108639067,-0.016176505954723235,0.17700115195828944,0.6641959717895485
203,411,3.86138249428223,-0.01676744044575209,0.17696845403115202,0.6647161544377689
204,410,3.86383530181997,-0.01982318283142323,0.17951586775682507,0.6647279338100045
207,409,3.857068651932076,-0.013547177958323366,0.17592411880683284,0.6698626925184922
208,408,3.862816496936269,-0.016731803156492527,0.17696681525607966,0.663479208538104
210,407,3.861838272038628,-0.01529523311302696,0.17643285072992554,0.6664726227061012
211,406,3.8615114738104266,-0.016605743593971104,0.17694865551963967,0.6632774970957871
212,405,3.867503180182225,-0.01818822632691225,0.1790294604597183,0.6658203828478549
213,404,3.8607660860255146,-0.016810208469698832,0.1799556406882092,0.6738331480937837
214,403,3.858211294809977,-0.012284119317537525,0.17688821339850697,0.6745017947216045
216,402,3.8641721527133366,-0.01677009996425317,0.17700438763710757,0.6636524471216088
217,401,3.8650338097401726,-0.018420358078605512,0.17903396162071794,0.6672464988454617
218,400,3.8614104421152544,-0.015486916085295352,0.17944647367901054,0.6748344697493668
220,399,3.8602343409480553,-0.013879737070365133,0.17892603984667263,0.6780233559345444
221,398,3.860293748061781,-0.015347774984043178,0.17945205257046423,0.6760765747702663
222,397,3.861306755961877,-0.013690071776462316,0.17894515656215276,0.6769622278075038
223,396,3.861327269578873,-0.013930660867991806,0.1789443067924519,0.6772065761434343
224,395,3.8613160831440423,-0.013837126690909158,0.17895966267262317,0.6774181379302846
225,394,3.861779475418223,-0.013594978114237145,0.1789743526329439,0.6777409236752873
226,393,3.8608372795478756,-0.014011203874755409,0.17897108780972942,0.678145985554915
227,392,3.8609744801644976,-0.0137352781546905,0.17896849922723032,0.6780600693652125
229,391,3.8609379317568635,-0.012215471301536274,0.17845756363039267,0.6800901224208394
230,390,3.8619020868991982,-0.012280239735163973,0.1784568420706842,0.6789106623514501
231,389,3.861879299426901,-0.01192117052046708,0.17846348280764363,0.678908837937132
232,388,3.861824383680848,-0.01223464179778911,0.17847124541354467,0.678990445969371
233,387,3.8615917330500724,-0.012236714963406463,0.17846747843454513,0.6791257187438676
234,386,3.861576840110209,-0.012370904399605264,0.17848065094159413,0.6791000204249482
235,385,3.861587535375836,-0.012486449886302747,0.17848433743398476,0.679033371086533
236,384,3.8614702649500177,-0.012514947352083881,0.17847911909053496,0.6790381617214029
237,383,3.8574131380679995,-0.009107248675041604,0.17446598325908153,0.6740896169154249
238,382,3.8602000058920853,-0.01816072267122755,0.17898303985971425,0.6669840883541466
239,381,3.86151488458409,-0.015165291447534828,0.17651032872568811,0.6665747292894406
240,380,3.8602237049271078,-0.01535727968944363,0.17644104618960155,0.6657414505632456
241,379,3.85930363055879,-0.016512131426280094,0.1769221934716658,0.6633098421836858
242,378,3.8662832118898542,-0.018622879318287322,0.17902070906348583,0.6655527447830583
243,377,3.8630761171496193,-0.013828913013173332,0.17748562308681842,0.672240055343104
244,376,3.860728072565655,-0.00926031187775025,0.17444228596517344,0.6728520062923017
245,375,3.8585145058533437,-0.016898819548283928,0.1769293879260429,0.6642231685008991
246,374,3.866358029103912,-0.01785730507290255,0.17699697228221078,0.6596519828013684
247,373,3.862510788440704,-0.0151000644401339,0.1764771779448496,0.6652547262158156
248,372,3.860816716442447,-0.013538903524216056,0.174467781733209,0.6626959483679044
249,371,3.865130773011376,-0.02014508631075253,0.1795304959125517,0.663910813423801
250,370,3.8616944846884502,-0.015377974678672655,0.17798477759181744,0.6706574371070935
251,369,3.8594170235336347,-0.010787118134481164,0.17493282850479297,0.6710710160912976
252,368,3.860479644922545,-0.015246851777969458,0.17497687422989341,0.6614064137986788
253,367,3.8599424291435263,-0.020027524823870768,0.17798501551143692,0.6599865306673383
254,366,3.8606785864787567,-0.014685046518389384,0.17496105117750368,0.6601696887899847
255,365,3.863178768328258,-0.01637680201513701,0.17549599183752126,0.6581882391950094
256,364,3.863248387147128,-0.019981510277410575,0.17800771311354585,0.6595561918208209
257,363,3.8636128853349123,-0.01518067429021946,0.1765003053923846,0.6649865622804979
259,362,3.8575042479136994,-0.013466352702100547,0.17442790228648483,0.6636256904161405
260,361,3.8611708641052247,-0.018516250890975038,0.17598003612399477,0.6571164899889815
261,360,3.863118047515551,-0.01634460479674869,0.1754886070189917,0.6576488962922119
262,359,3.8601208208572295,-0.016702550819034167,0.17543577391138093,0.658806272591641
263,358,3.86133050989537,-0.016767483342411942,0.17544000424823314,0.6577951310035859
264,357,3.865898494523535,-0.016937113442054397,0.17698871840249167,0.6616595269104203
266,356,3.8588812735772904,-0.00872845797068262,0.17289185095052886,0.6667698063084045
267,355,3.86040373927071,-0.016507211699111696,0.1754278132511591,0.6580006593803951
268,354,3.859888916584983,-0.018164780850647322,0.17594741569428363,0.6566524854989675
269,353,3.861295081608331,-0.01816693493321183,0.17595152758630597,0.6560278617719695
271,352,3.7127490324132584,-0.8775668603978822,0.44107403182269517,0.025779457734630556
272,351,3.859224882154238,-0.017128104275753588,0.1754651737194334,0.65959178304677
276,350,3.856259278090842,-0.014873926739815694,0.1749104577157865,0.6617415438904521
277,349,3.8608715883985965,-0.019876546856966763,0.17648127872751046,0.6549490078052548
278,348,3.8579805368434883,-0.020054698150052862,0.17643792874185418,0.6553334814060131
280,347,3.8719881625478485,-0.08700894749321178,0.19714975184000297,0.5631564203055198
281,346,3.8594258343995507,-0.018769225592850082,0.17594683396572805,0.6567690442235162
282,345,3.858872134528474,-0.020397500814587674,0.17646865484045404,0.6555108828505516
285,344,3.860492095131438,-0.012146871794440309,0.17396233851139634,0.6649933610473804
286,343,3.8595790227730116,-0.015271026645922994,0.17346123035981875,0.6564410847772869
287,342,3.860295767540688,-0.021911557419199736,0.17700356787491647,0.6534663489341643
288,341,3.8610524279219254,-0.01702418238948268,0.17397318981256218,0.6541792727071739
289,340,3.8623833971338586,-0.016853077325172158,0.17397603522395694,0.6530271174062509
290,339,3.8612634863581383,-0.02180596841745674,0.17700679916645037,0.6527552281885115
291,338,3.863243349251293,-0.016903785684310908,0.17548653012011817,0.6581470075836714
292,337,3.8631176828276863,-0.015385964507436053,0.1749802625518273,0.6601877468643013
293,336,3.8565696677761876,-0.015219742047961544,0.17341016783461163,0.6564108405843939
294,335,3.8605446188831616,-0.020303520488567553,0.17496587214848366,0.650161051454458
295,334,3.8603029366346284,-0.02023760632749329,0.17496265411605677,0.6498368558610345
296,333,3.8596635203347107,-0.020067098596220516,0.17494591314009655,0.6497891119072049
298,332,3.8638631667460763,-0.02162619966773289,0.17699035457794787,0.6512240448546681
299,331,3.862265491059848,-0.01679162880888287,0.17543016517189922,0.6570770223727894
300,330,3.8616196924731847,-0.01677016346574029,0.17543890366621476,0.6578815525165254
301,329,3.8614543768621625,-0.01681738715255744,0.1754501302739964,0.6581878455756076
302,328,3.8626006456086475,-0.01505904910246049,0.17493917451710414,0.6590777266049004
303,327,3.8626270739897777,-0.015096499964087726,0.17495327707933742,0.6595883772893714
304,326,3.863629470915484,-0.013760295804704368,0.17444538182408903,0.6607935470165202
305,325,3.8629644890508708,-0.013373529012404526,0.1744470291367063,0.661066717136571
306,324,3.863183909619348,-0.013598654443378174,0.1744494126114532,0.6611005009157639
307,323,3.862661703098455,-0.01370854938427436,0.17444469890032152,0.6613809081351848
308,322,3.8626406235102366,-0.013671205798405106,0.17444037593558534,0.6612347949968347
309,321,3.8633832183815318,-0.013580515963413213,0.17444935711561202,0.6610194703704529
310,320,3.862194102896741,-0.013819509511845273,0.1744487660945714,0.6616068302495434
311,319,3.8628418459694767,-0.013826979360730558,0.17445098136218468,0.6615360333804114
312,318,3.8596523391813653,-0.016977530493999207,0.17691089177466707,0.6626326520915903
313,317,3.860497088993297,-0.015559860514407078,0.17639606849635722,0.6636291227733164
314,316,3.860099868213429,-0.015441067651708556,0.17639268311470335,0.6638820651065989
315,315,3.857810390066113,-0.009066316133041966,0.17136154232320444,0.6613027160034379
317,314,3.8625915403452526,-0.020218541033233985,0.17494478261687568,0.6478808831461453
318,313,3.8620220844118975,-0.014978052607211327,0.17191778633264926,0.6489729326833777
319,312,3.861243320956375,-0.017434178083732894,0.17240193687292688,0.64684809446904
320,311,3.866029693141128,-0.021931594140937014,0.1755202932665426,0.645983887676827
321,310,3.861083366621786,-0.018376845215124064,0.1759229837993948,0.6548879441232486
322,309,3.8608326606807255,-0.016768014950208625,0.17540665304894626,0.6569152132015688
323,308,3.8560774938577613,-0.015200856751519653,0.17185729446451808,0.6511165587957845
324,307,3.8621375902396875,-0.02012206174496408,0.17344651804952452,0.6432028593383944
325,306,3.862865604053844,-0.017520507648463756,0.17237945318234854,0.6455903459810938
326,305,3.8613121138840185,-0.02010612083496398,0.17342784897277294,0.6434148687401333
329,304,3.861517807384869,-0.01702309950727161,0.17391628440232448,0.6527045157380649
330,303,3.8695655376353164,-0.024001983143612148,0.1760711702070181,0.646733473158122
331,302,3.8599722226940973,-0.020369435773789635,0.17496987385482157,0.6513445743965757
335,301,3.857981072451773,-0.01511260547706357,0.17194930696691343,0.6525088917245668
336,300,3.863085504712128,-0.020179234947047407,0.17351147370503042,0.6453766493631267
337,299,3.8623725179480926,-0.01868470210914987,0.1729732238991304,0.6464422896037626
338,298,3.862694907695689,-0.01929414457360942,0.17295521153261584,0.645718148471977
340,297,3.8653338764653062,-0.02218840115934709,0.17551890233548062,0.6461871533308474
341,296,3.863340415038146,-0.01687094650233749,0.17394429330691455,0.65219079433693
342,295,3.862966465878415,-0.016661937712823174,0.17395218891194578,0.6526125196615259
343,294,3.862594448410355,-0.01687906897501176,0.173957383857682,0.6529640218251666
344,293,3.864007971957772,-0.015295861236621452,0.17344775907980092,0.653832657256671
345,292,3.86034717417475,-0.01863089771315789,0.17591724078550883,0.6553799647615012
346,291,3.8601649376883436,-0.018456506953701938,0.17592227733573879,0.6557530997899461
347,290,3.8627910371312124,-0.014772740381537702,0.1734541675520899,0.65466431266286
348,289,3.8630727243994523,-0.015295323169013641,0.173450304893276,0.6545573492979284
349,288,3.8629631582134496,-0.01541840814089989,0.17344948279789893,0.6544944176254793
350,287,3.8629519996528856,-0.015300180185196601,0.17344151333390376,0.6542633563884651
351,286,3.8629214506663248,-0.015205165540779315,0.17343964703855932,0.6541290669968959
352,285,3.8629966124803006,-0.01552368219149603,0.17343517959895635,0.6541906155314721
353,284,3.862991760590833,-0.015227298049427724,0.1734417454671882,0.6541610151519042
354,283,3.862842434180711,-0.015461057609101913,0.17344277286899545,0.6543201151617005
355,282,3.8627779540901415,-0.015639750860561057,0.17344113914808276,0.6544010256862037
356,281,3.8626455846660863,-0.015542037877767253,0.17343052780549204,0.6543238566271694
357,280,3.8575210113067167,-0.012272181212339221,0.17083176810690645,0.6525913264379246
358,279,3.86097544102581,-0.018234468657276313,0.1714177681283504,0.6408503272767087
359,278,3.863229607511883,-0.01890483142238719,0.17141944549081556,0.6395707262835213
360,277,3.861348901895376,-0.01993170779440054,0.17192019649877652,0.6381996576349184
362,276,3.864785411475617,-0.027057132675788215,0.17556683517704905,0.6359084059056691
363,275,3.8634386272778265,-0.0181355469181283,0.17294292987821894,0.6447322477963501
365,274,3.8571100672450633,-0.016419675992143168,0.17083120376237265,0.6425857952633317
366,273,3.864524251536319,-0.018518886724344975,0.1699287347503158,0.6342603287070608
367,272,3.863449879844122,-0.01854289014491648,0.16991625127183207,0.6339091653053215
368,271,3.8641201390983153,-0.020433295798079457,0.17044846299725325,0.6326178647892311
369,270,3.862610426008331,-0.020878475951085083,0.17043391538385247,0.6332511839052644
370,269,3.864163966998001,-0.024107326145648155,0.17445145317342667,0.6373916543438343
372,268,3.8580023580934943,-0.015866591030782907,0.170307649172494,0.6431497070491139
373,267,3.862163928271078,-0.01975594869742369,0.16987516505562858,0.6336848915526246
374,266,3.8630657812516636,-0.022379293346488187,0.17095721150733528,0.631116607551112
375,265,3.8598841031392417,-0.021999570465013506,0.17089624222455294,0.6310903028663997
376,264,3.8627686478267207,-0.02216808447341226,0.170916790215719,0.6297533767635468
377,263,3.8650270999400607,-0.02476895454578641,0.17294047662169965,0.6319459006737195
378,262,3.8645722749043094,-0.019094544928698075,0.1714146476860819,0.6382985735050748
379,261,3.8647789007297715,-0.017158015223062633,0.1709231058134233,0.6401285731334717
380,260,3.8665526850673806,-0.023563710024764893,0.1729486500816958,0.6351458356948414
381,259,3.863790246270458,-0.02053184717693308,0.17046548945596365,0.633816931854755
383,258,3.8665752521609376,-0.023819387124147808,0.17301076919283517,0.6357215948802524
384,257,3.8616516473461,-0.022162641001924364,0.17391899342117803,0.6409060760899091
385,256,3.862729725123181,-0.017294218011014592,0.17086939226418918,0.6416242148908521
386,255,3.859184179246796,-0.020440573746776672,0.17036967960179875,0.633637383749195
387,254,3.8632453676324765,-0.023378028809161844,0.1709138332457096,0.6296530361645005
388,253,3.8611126713454724,-0.024176298877137015,0.17143603734145352,0.6291628058545651
390,252,3.860983419567814,-0.025469636964173054,0.1719777172526622,0.6272068876233359
392,251,3.862829738599391,-0.0183937620220498,0.17136179241936372,0.6390683040095094
393,250,3.86240122795105,-0.02085767771412905,0.17190073667090794,0.6374374917090225
394,249,3.8634645682902424,-0.01898558090926231,0.1713847697395245,0.6382344259093259
395,248,3.8635082742187876,-0.01895018255958002,0.17138709733932564,0.638505272240657
396,247,3.8643586825739384,-0.01879199706737532,0.17141561386077622,0.6389353025551426
397,246,3.864453058359455,-0.017244590080997532,0.17090659668650415,0.640578650918036
398,245,3.8641593915606856,-0.017493278453812225,0.17090676706357058,0.6410241129896279
399,244,3.8651294257582687,-0.015502119668892148,0.17039215545204564,0.6417461989623691
400,243,3.8651259665082143,-0.015604372477909925,0.17039211689592584,0.6418897101241179
401,242,3.8649551497726904,-0.015570287826070709,0.17039799038119488,0.6420120810848586
402,241,3.8649339152545465,-0.01563625422177876,0.17039944936119977,0.6421093664091179
403,240,3.8649388479023443,-0.015595023865898838,0.17040259827896795,0.6422166116266216
404,239,3.861411246847599,-0.018815689994000344,0.17285494538093948,0.643297158988491
405,238,3.861582532117432,-0.01835312597419271,0.17286272021407492,0.6433026093518129
406,237,3.861062275964801,-0.019285377741317188,0.17286395717652916,0.6438621004750193
407,236,3.8611582535740814,-0.01878116380102723,0.17285942189348308,0.6436559142301005
408,235,3.8618906500854027,-0.013805318819811868,0.16979920140597987,0.6433319034248112
409,234,3.859386838741184,-0.020331380237055174,0.17034183985121165,0.63245825923873
410,233,3.8632337426690846,-0.02072047881793368,0.16890341360194636,0.6271161395334642
411,232,3.8639048266934,-0.02049607723331897,0.16889201493182474,0.626023658926821
412,231,3.8638667611866535,-0.021373330284644294,0.16888495175297252,0.6261068319472657
413,230,3.8640777697353244,-0.02232171518008046,0.1694434503556268,0.6243154034605001
414,229,3.8655649749388608,-0.020852157329093457,0.17042153307129443,0.6306459793984087
416,228,3.860114427542908,-0.014342680068244764,0.16680364325553518,0.6334566630996364
417,227,3.8627271241155166,-0.021520859934917327,0.168850115889064,0.6256889598577999
418,226,3.8643547918811536,-0.022503726047452,0.1694229576656167,0.6242902733481636
419,225,3.86325809948123,-0.020547516269846577,0.1688651329859873,0.6257938355042733
420,224,3.861167537341328,-0.0225768734579423,0.16936698775481038,0.624595493716906
421,223,3.8655657895306437,-0.026375718151206783,0.17195620299952286,0.6251757359453669
422,222,3.8650436393985808,-0.019052006147752137,0.16987458840704692,0.6320615358255341
423,221,3.8652942268936723,-0.017310831193484505,0.16936627267528695,0.633957191461235
424,220,3.8602972580265034,-0.01741257010860444,0.16780656338424954,0.6303821516607233
425,219,3.863228891630593,-0.022643781427540827,0.16938992189309743,0.6242049777590004
426,218,3.8625012021394647,-0.022524705896999737,0.16938493007801578,0.6244315601439446
427,217,3.862437049547831,-0.022724301745725574,0.16936327781916422,0.6240046934385731
428,216,3.861842782242493,-0.021991144636489962,0.16935152016964153,0.6234226382594199
429,215,3.866216117143631,-0.024248992670435142,0.1714162371242088,0.6264613867386681
430,214,3.871816986012009,-0.022469710911010573,0.16945476497645692,0.6255368122106622
431,213,3.860556522756815,-0.02478203976424851,0.17139806197096555,0.6282050866898132
432,212,3.8628927510104076,-0.017537277114264317,0.16785002557628378,0.629642602743045
433,211,3.861237367997034,-0.02414806060877126,0.16991779708856636,0.6239204514485595
434,210,3.8615918828861946,-0.02436534703383299,0.169896491634724,0.6227890192594475
435,209,3.861547992199282,-0.02566699863225811,0.17043272188203323,0.6213078426077187
436,208,3.8630251966932283,-0.023373538902693475,0.16936138807951728,0.6231272783263454
437,207,3.8614182133779917,-0.024371035942680728,0.16988007825001428,0.6223857121420918
438,206,3.863209008413648,-0.022224689764986996,0.16791920239678235,0.619917453872014
439,205,3.8660359110151017,-0.02807080497297994,0.17104532990200336,0.61989579875363
440,204,3.8631333732902076,-0.022784859962840496,0.17087802243272066,0.6288563296083013
441,203,3.862589566507072,-0.0224860253260744,0.17089663433516575,0.6298147227463825
442,202,3.863396967419926,-0.020002679195870413,0.1703799184383509,0.6307168055818767
443,201,3.8631968172440616,-0.020720568777409798,0.1703835894137941,0.631480679956772
444,200,3.86317519445597,-0.020997756455357577,0.17038780099844478,0.6317794745836165
445,199,3.864169292036594,-0.018986139435864604,0.16986414410373019,0.6325154723896707
447,198,3.7643307921004623,-0.7042738277391748,0.36901857853061226,0.10524774739361084
449,197,3.8635621609702566,-0.019479624146376464,0.16982553473021034,0.6324559114674604
450,196,3.8642561428340865,-0.017782205742364176,0.16933114517460865,0.6331334245404812
451,195,3.8640996983021867,-0.017991456699814147,0.1693380717504064,0.6337834356842214
452,194,3.8617566909374106,-0.017763086871171514,0.16784715325267482,0.6306215856833033
453,193,3.861405581328728,-0.022664088467979616,0.17085658246257854,0.628591813184874
454,192,3.8614361619357,-0.020740727669309303,0.17032276581479508,0.6301965135381986
455,191,3.862741691725595,-0.020814642123224408,0.17036471088183677,0.630447844734228
456,190,3.861620970923834,-0.019303218660072455,0.1698183410472771,0.6320700618279165
457,189,3.865653266109549,-0.019192130640421627,0.16989354653422642,0.6320627724128486
458,188,3.8616544798107966,-0.01932574680567075,0.17131608087154684,0.6367611297639975
459,187,3.861729576404278,-0.015446663753289333,0.16880641684797562,0.6361327932248961
461,186,3.8635818438366565,-0.017697926784329642,0.1678549627325864,0.6307529230706553
462,185,3.8613275311748434,-0.02105207237068159,0.17032411561106836,0.6302344404301846
463,184,3.861213878074788,-0.020669047977241704,0.17033209230548,0.6301732405052906
464,183,3.864088326599739,-0.017550758683996026,0.16785684925853459,0.6290831572646025
465,182,3.8656427535479283,-0.018993396827847994,0.16986694864015306,0.6310154006190984
466,181,3.8641941724000155,-0.017657543615279263,0.16935977091369572,0.6341123976767391
467,180,3.862112283706665,-0.014293005060956014,0.1668207337484833,0.6334246188579066
468,179,3.8620387226343156,-0.019021072890153333,0.16833214150872663,0.6274449390334874
469,178,3.8641190685331823,-0.019521438250558278,0.16834881412845734,0.6268311995784499
470,177,3.8632183082401754,-0.019355213759443757,0.16833999771774216,0.6269406701324082
472,176,3.86113139167428,-0.019146163831005935,0.16829986654172777,0.6280505983557868
473,175,3.864191238011155,-0.022753965209499384,0.17087658578950893,0.627579985215389
474,174,3.862899389060289,-0.019340063161076903,0.16983307365154754,0.6321288514291119
475,173,3.860265396396566,-0.01612597389340911,0.16727502522727863,0.6310663069352581
476,172,3.8615793718439657,-0.02021233548102229,0.16881978442002912,0.6246774010583427
477,171,3.863158091482324,-0.020436735853855057,0.16884126161126253,0.6245790519025409
478,170,3.8620819193442415,-0.021252944504495504,0.1688397325225387,0.6255217770033592
479,169,3.8639131128787993,-0.019416069748419317,0.168334777866781,0.6262591132894133
480,168,3.861693099141121,-0.024671035586831636,0.17138081795521148,0.626821803794682
481,167,3.8630277379747513,-0.0191351883833307,0.16981171839816825,0.631259184202832
482,166,3.862616633483131,-0.019338389708574863,0.16982908146933834,0.6320392439851111
483,165,3.863541438255781,-0.017703180096072017,0.16930596447725818,0.6330224613684923
484,164,3.863442959608855,-0.017082105635773184,0.16930848701322437,0.6330628219065401
485,163,3.8634484638402493,-0.01750728584235231,0.16931668026374413,0.6333663319784241
486,162,3.864064708903984,-0.017636398179025424,0.16933590035493218,0.6337676793708633
487,161,3.8644221569941593,-0.015734608221457447,0.1688219333420176,0.6348976934038412
488,160,3.8642567370488092,-0.016074150159704283,0.16882473295399175,0.635228478412894
489,159,3.864169549208421,-0.015747922634201623,0.16882440350891847,0.635195821977467
490,158,3.8640370126870964,-0.016055838853619487,0.1688276744886693,0.6353200596797217
491,157,3.8640295358804555,-0.01601145423330728,0.16882496464016988,0.6353354147851664
492,156,3.863929883516752,-0.01608191773438683,0.16881953105182276,0.6353325037827557
493,155,3.863941343014057,-0.015932675367667588,0.16882460500691104,0.6352226234059499
494,154,3.8640743761796217,-0.015660817939604804,0.1688218165955715,0.6351317584825016
496,153,3.8640189083075964,-0.014501572365994725,0.168307448603384,0.6376455073110266
497,152,3.869917952011679,-0.022346154556626373,0.17090846086736589,0.6299251704139013
498,151,3.861510173455111,-0.01949190376292202,0.16982283300504936,0.6330696141370179
499,150,3.865708807980792,-0.020270346187384835,0.1704097967806911,0.6302406544654671
500,149,3.864876377729722,-0.01766199594863725,0.16938350382453335,0.6347501520207599
501,148,3.8653314839876614,-0.015959860087336544,0.1688642118251675,0.6359278849140886
502,147,3.860891518385514,-0.01512753595117055,0.16732733879290873,0.632093632271452
503,146,3.8643331326544286,-0.01936479194509815,0.16837703388888475,0.6275872322127718
504,145,3.865070025868876,-0.017511435293622285,0.1678580488383798,0.6287081381218079
505,144,3.8641962908510106,-0.017496268277639747,0.16784899913695842,0.6288265617213591
506,143,3.8626828884409967,-0.01769680334411045,0.16780869782055052,0.6282382571284536
507,142,3.8654030383743856,-0.020845998796780438,0.1703595381534525,0.6287071244628252
508,141,3.863572417953868,-0.01753121411645455,0.16931789465674207,0.6329231967568082
509,140,3.861729655736758,-0.017572953586445804,0.1692741969267086,0.6333106378017023
510,139,3.861444420532274,-0.01751199745269128,0.16777569533788378,0.6283241742877541
511,138,3.8641059160232545,-0.019332109270726504,0.1683213054256219,0.6256442375654083
512,137,3.8626763351261615,-0.019262240851276147,0.16831379632437365,0.6265158017209649
513,136,3.8631570816040037,-0.019316891865219076,0.1683346041763909,0.6263050345799177
514,135,3.8619992554187776,-0.01939577644589008,0.16830534270291925,0.6259240373444566
515,134,3.8666979427278227,-0.017404705291012637,0.16786843798490764,0.6269214832142624
516,133,3.861989464184079,-0.019332799706577815,0.16981412165440118,0.6310048108913082
517,132,3.861421435240991,-0.014443722629239177,0.1667586701212486,0.6309245514290056
518,131,3.8637870047827185,-0.017806541684148837,0.16634411365361082,0.6234771023361401
519,130,3.862178880966569,-0.021215068787657564,0.16880073291118292,0.6237880096940867
520,129,3.8647336487500175,-0.01735520126170163,0.16633143259620117,0.6230829117000647
521,128,3.8646236620609113,-0.01723612833046065,0.16632768485972943,0.6225996789535346
522,127,3.863005334476255,-0.022731672362811855,0.16935182338176755,0.622391355568085
523,126,3.865219860433418,-0.01747099291681641,0.167820178323237,0.6271492462449975
524,125,3.864381942422219,-0.01754064484088717,0.16783287346651696,0.6282383629126104
525,124,3.860734674997838,-0.016102463686578215,0.16578438184021366,0.6256913722786209
526,123,3.8638482364570303,-0.019381458796146587,0.16680258895320899,0.6207149582620819
527,122,3.8644408134255874,-0.01945767697197765,0.1668098668531226,0.6204433454321201
528,121,3.8641419666422654,-0.01946677737849124,0.1668150065860252,0.6207889304851802
529,120,3.862392369881037,-0.0187887598047781,0.16679186628167686,0.6204668089630944
530,119,3.8648553464397692,-0.022803116798819682,0.16933792898269925,0.6212079681064301
531,118,3.8634394489228727,-0.019489884285664515,0.16830119170233807,0.6255760939388265
532,117,3.86408227477861,-0.017575472161464677,0.1677826798213278,0.6267871932882928
533,116,3.8639960155308803,-0.01742493204699435,0.16779185001418054,0.6270316297815215
534,115,3.863922359044678,-0.01726708783957791,0.16779662449557517,0.6271478765821558
535,114,3.8639622091132906,-0.01753222134716183,0.16779556690365782,0.627402144735637
536,113,3.864092376744636,-0.017702420366432617,0.16780827340087556,0.6276977430795769
537,112,3.8647960291145753,-0.01588406263619465,0.16728914624230662,0.6286206054636172
538,111,3.8646019171483768,-0.01590198215636683,0.16728490419834877,0.6286108128980578
539,110,3.8645999113225047,-0.01598261888777065,0.16728122177143973,0.6285423715316768
540,109,3.8645717349852093,-0.015732311821173944,0.16727770242979143,0.6284079995367219
541,108,3.864457077121142,-0.01616797013353247,0.16727536008714228,0.6284103906536512
542,107,3.863505165153575,-0.017665909557359624,0.16779358648141296,0.6275952749469074
543,106,3.863540474870866,-0.017831617592748383,0.1677886803216498,0.6276042765057777
544,105,3.8644817356737504,-0.016044776518743187,0.1672694938194028,0.6282497288538545
545,104,3.8644153353590402,-0.015417606311777254,0.16726360826719772,0.6280136229553215
546,103,3.8643057183449314,-0.016352756473131662,0.16728124731107627,0.628186230379013
547,102,3.870483830290021,-0.023195490222654904,0.16936732326283005,0.6232265428378367
548,101,3.8616318739950657,-0.01920532752328654,0.16827207861481655,0.626223595644633
549,100,3.8650559959171704,-0.022794044971316003,0.16938415202430282,0.6230612780932698
550,99,3.864713873075919,-0.017852400415945494,0.1678215137939531,0.6279580439511144
551,98,3.8643032442372163,-0.017704103779857955,0.1678247073272811,0.6281787157530123
552,97,3.8615286058766713,-0.015717536167951074,0.16576696564153762,0.6250833681532658
553,96,3.8626374662676946,-0.02134920817378413,0.1673181247043112,0.6195886783558887
554,95,3.861400933205327,-0.021032523092681235,0.16728271615234547,0.6191011932462376
555,94,3.862471943414664,-0.021121535617565693,0.16728034512650322,0.6181567596509115
556,93,3.8647157661498537,-0.01737973635585698,0.16480156032900262,0.6167789119493585
557,92,3.8677081435541565,-0.021267041376283567,0.1673689261680187,0.6182215667135598
558,91,3.86289646178484,-0.0192227954232294,0.16827053682924992,0.6244578111632254
559,90,3.8650251735340464,-0.016148247731062812,0.16578412786428437,0.6241657563621269
560,89,3.8640154373796682,-0.015735007306103353,0.16426818515313288,0.6192978921678686
561,88,3.8665062858944848,-0.018328808804803958,0.16479430663601335,0.6161875521943041
562,87,3.8650858916933575,-0.017637898455951283,0.16477599887765287,0.6164833394784804
563,86,3.864742504604279,-0.01758294641982531,0.1647625381467853,0.6158061862189536
564,85,3.863263323808172,-0.01938810498981253,0.1652523898458627,0.6142755165863504
565,84,3.8668692647656306,-0.021108415164566328,0.16731434903603182,0.6163978295292416
566,83,3.864998447070332,-0.017536648273383852,0.16627975612061036,0.6212294195164519
567,82,3.863131535918179,-0.013530135837241079,0.16373920601010378,0.6204723174000388
568,81,3.864922320119108,-0.015904316523825728,0.1627578353453332,0.6128901677210855
569,80,3.864859721911982,-0.02132692381207007,0.16576781926319084,0.6115309777278277
570,79,3.8622708450110195,-0.020593580941143833,0.16575771606814094,0.6122324497172837
572,78,3.8621528814365336,-0.025215090164486108,0.16527788892805378,0.6027901784236094
573,77,3.8666256987131558,-0.022843576698972193,0.1663137498314796,0.6086016184734101
574,76,3.8650136533056854,-0.01937891621306352,0.16527710846425647,0.614014762192501
575,75,3.862030787970692,-0.010910885287270236,0.15968091294450448,0.6124839236746682
581,74,3.865825583633867,-0.02325507203008739,0.16479099487212526,0.604244164698133
582,73,3.8666160183320857,-0.019369950105690724,0.16377155900588722,0.607831280056631
583,72,3.8661166663338515,-0.01963896678470171,0.16379272735610811,0.6091082350595731
584,71,3.8631048370093204,-0.021138549256604234,0.16572983656215906,0.6113350160278692
586,70,3.864097232271911,-0.01968728003883886,0.16524687956220405,0.6148342113243425
587,69,3.8637537652519858,-0.019477107061612996,0.1652537858620494,0.613674301288611
588,68,3.8650802407945903,-0.01790235045167979,0.16473375252390327,0.6144236552610306
589,67,3.863894270336817,-0.017630449366859265,0.16472020563207976,0.6143622830519448
590,66,3.8635376813305413,-0.019207786180573564,0.16523887717860145,0.6129407052901528
591,65,3.8634716712745134,-0.01939211781557492,0.16523623985319535,0.6128731249408507
592,64,3.8634015291359773,-0.019466770281305626,0.16522836444941982,0.6128085421790234
593,63,3.8632684733457627,-0.01955348082779533,0.16521651866702688,0.6126392932529202
594,62,3.863543358578044,-0.019652248426395392,0.16523092093980324,0.6126265493031677
596,61,3.8632290537395173,-0.01787029443925897,0.16471670413444395,0.615394377576764
597,60,3.871255380599225,-0.025090722405813542,0.1638282275224811,0.6013917299037334
599,59,3.867590156255984,-0.029401598280040107,0.1663897501843159,0.5991929032854884
600,58,3.86622913037577,-0.021410068963846684,0.1642943530753779,0.6068127025835187
602,57,3.8607048677699187,-0.017063977922607176,0.15967171307060538,0.6035274351162917
604,56,3.862952403896319,-0.023212845858222673,0.1617167807922622,0.5955035165731302
605,55,3.8652741003036497,-0.02367584017367335,0.16029148332255172,0.5899470891061097
606,54,3.863232120672862,-0.023502738282453115,0.16024557118236915,0.5888373086815769
607,53,3.867618661261721,-0.030933149410568305,0.1639424882167235,0.5867133349993848
610,52,3.860800525075511,-0.01687299940931403,0.15814425740201632,0.5967375983713196
611,51,3.863043350519544,-0.02653269507650704,0.1607157337371451,0.5865503308108573
612,50,3.862452837444792,-0.02818163133301579,0.16124506492799154,0.5845282831712305
614,49,3.7180153140726016,-0.8020648047981817,0.37270837660702005,0.05219348338068035
615,48,3.8632598453977973,-0.022993321951124447,0.15966833035227163,0.5883277134770105
616,47,3.8633746115366616,-0.024415714482406658,0.16018409694586253,0.5862155697635432
617,46,3.8652066221140853,-0.024930143199690186,0.15874342497649677,0.5830084041046615
620,45,3.862874235761793,-0.015845693305697007,0.15816695679291382,0.595560052989387
621,44,3.8643487715881144,-0.022866056282921838,0.15822912769503913,0.5851868197218018
622,43,3.8616402526495834,-0.029178097613445975,0.1617840075632336,0.5825395010058844
623,42,3.8625585960375295,-0.02578254384256119,0.15925865964903832,0.5816127757562746
624,41,3.8630396107495844,-0.027811221422832776,0.15978478261407003,0.5793985842681031
625,40,3.8619818307585634,-0.028618042143772088,0.15965243745723892,0.5792232284384244
626,39,3.8678727357979588,-0.02734662832673752,0.1613410395766856,0.5827139532895798
628,38,3.863466438660986,-0.016218748776724815,0.15665274610948274,0.5899836631615438
629,37,3.8600984508708374,-0.027455487242162742,0.15973418378769375,0.5796291639163467
630,36,3.8632515026351153,-0.028482349957063224,0.15973068906561888,0.5783727255241954
631,35,3.8646838932621237,-0.025488189021959387,0.157204483210082,0.576505747502845
632,34,3.86381702961987,-0.02929436839542476,0.15824872208273963,0.5738415252180477
633,33,3.8630496849309126,-0.0299174043141263,0.15868441157928603,0.5722120606310347
634,32,3.865035951338232,-0.030684950202643148,0.16177729317792774,0.5798712469454506
636,31,3.8609521661944664,-0.018483842567067206,0.1556172205611866,0.5835499156711765
637,30,3.8633439842968773,-0.029267195919375547,0.15822782944180624,0.573555059772295
638,29,3.866836804985593,-0.02737585921893405,0.15773374130068168,0.5738183411285495
639,28,3.8648959560459164,-0.025206683350679483,0.15716781031440305,0.5755518851916643
640,27,3.864192799903427,-0.027383858776143584,0.1577072237704792,0.5742487684146957
641,26,3.86288202870382,-0.027854342344801507,0.15826166092902194,0.5727697034035533
642,25,3.8668118573851507,-0.027721371744083026,0.15980197966878223,0.5775202150631221
644,24,3.864615576379251,-0.01767936987665895,0.15509770812123547,0.5832515867617605
645,23,3.8636225024048163,-0.024816617988550563,0.15713782293639786,0.5754365068301083
646,22,3.8638841322023576,-0.02775430613079862,0.1582265160078296,0.5725253870862769
647,21,3.8640281031156154,-0.027307550398609083,0.1576767774639175,0.5737509484786878
650,20,3.8656893035112803,-0.027656580326024364,0.15975284506350904,0.5766058437408769
651,19,3.866917436554928,-0.023183721924961723,0.15816248416528964,0.5817148058794961
652,18,3.86559809498514,-0.02357446743286554,0.15870752224321377,0.5813555108644491
653,17,3.8676847335088214,-0.021251181021691757,0.15765155630967204,0.5832744809690784
654,16,3.8675845426859268,-0.021297618275741153,0.1576472848797269,0.5833762931753528
655,15,3.8664973822216058,-0.021654098704863563,0.15817834866816644,0.5824315803308312
656,14,3.867506003300083,-0.020765124044101566,0.15765093096432062,0.5837956984603103
657,13,3.868458657759089,-0.02111549674169893,0.15768294438103753,0.5839985067732857
658,12,3.8674426437620335,-0.019762251486790044,0.15768326879663142,0.5842813395270318
659,11,3.868672551314036,-0.019338134691740075,0.15715723324768183,0.5852415527582844
661,10,3.8686499326332067,-0.017507289470833343,0.15662417180315277,0.5881521851703827
662,9,3.8684949668248496,-0.018649946756775837,0.1571453158419222,0.585553175381174
663,8,3.8684852480888368,-0.01951543631090317,0.15717239744732261,0.5849891131635654
664,7,3.870103724959756,-0.029716931840503898,0.1602704480464873,0.5777124582763807
665,6,3.864778616468785,-0.022323626454648145,0.15665856901386813,0.5788185250853811
666,5,3.8625087998426,-0.03163134397864238,0.1608000527388172,0.5745538054964445
667,4,3.867655245141951,-0.023655818092677566,0.15873273842048752,0.5805013119061626
669,3,3.86132019858569,-0.01809589665242775,0.15555680310846803,0.58135514093596
670,2,3.8657214029194558,-0.02372816058708046,0.15513606138009473,0.571632550847351
671,1,3.8666584344254327,-0.025337729605550904,0.15566788883748142,0.5696754580200487
672,0,3.8661408940541375,-0.025097312578026568,0.15565698476238374,0.5696189858702523
673,0,3.865004023325812,-0.02481786031183663,0.15562123353961638,0.5692073110447868
674,0,3.867368489298327,-0.027416636781956563,0.1562317286670407,0.5673695261812752
675,0,3.8678322438480093,-0.025358782868239223,0.1571770489231001,0.5738794460265586
677,0,3.863301461429919,-0.016988834917989706,0.15351477769013921,0.5762978456807001
678,0,3.8643800218900046,-0.025232963478022914,0.15414547877450194,0.565075707284774
679,0,3.8655317316418287,-0.02966778106903935,0.1566684249914479,0.5643301115318938
680,0,3.866526328981129,-0.023968301279225408,0.15361169843225175,0.5657731215302505
681,0,3.867198128667143,-0.024383367638317093,0.15415280630383074,0.563573881645906
682,0,3.8655990271104708,-0.025899742101703142,0.15415035874658498,0.5636834919323053
683,0,3.8694769688897934,-0.025007458732648282,0.15568900480971395,0.567610251653692
685,0,3.867653236097219,-0.019212837000658615,0.15404629798802458,0.5756909527218919
686,0,3.863728055491992,-0.022246287593349755,0.1535497710644109,0.5661269053521584
687,0,3.8642640172184763,-0.029732536383390823,0.1551525084687207,0.5599399346443088
688,0,3.865084491955694,-0.027315648441983368,0.1546178011097007,0.5612550114236118
689,0,3.86585674002454,-0.022486015209025326,0.15208541322989055,0.5599588665869583
690,0,3.865075297104685,-0.026137011660683673,0.15258949607343295,0.5573621167134661
691,0,3.869968533097652,-0.0312616657310444,0.15577698696733916,0.5578558071937846
692,0,3.869108856755557,-0.023941470979480073,0.15365421021801073,0.5650919575521223
693,0,3.8660173653736964,-0.02510907951851469,0.15560577092437994,0.5678497614607673
695,0,3.8646860858850314,-0.025591647604443622,0.15254532086110892,0.5595474232541211
696,0,3.8659407521637394,-0.026640481860532663,0.15311449539877595,0.5557632773968526
697,0,3.866048514842987,-0.02786647465857058,0.1531234255351811,0.5558382178835296
699,0,3.8686748612474635,-0.029571844382411488,0.15371577948550738,0.5538930341573941
700,0,3.866725841881091,-0.027786214986022677,0.15464646919734523,0.5609258914689993
701,0,3.8670300187336073,-0.025237972426819195,0.1541251343089267,0.5631392387412671
702,0,3.868145659720609,-0.023576478239198805,0.15360272312824466,0.5641538536165756
703,0,3.867850380372836,-0.02360704901398991,0.1536120762106479,0.5646067787098277
704,0,3.8678851053376513,-0.02242660105067541,0.15360873543409853,0.564807792164027
705,0,3.8678587712218606,-0.02242784674587953,0.15361560627066162,0.5649667249166654
706,0,3.8687661417599384,-0.021008719072641065,0.15308399649726698,0.5657169107042164
707,0,3.8689599111162383,-0.02124809913180672,0.15308513854920158,0.5657378090492287
708,0,3.868862744857525,-0.021109444961847,0.15308999767438855,0.5658760838743874
709,0,3.8687270559113602,-0.021703231916762888,0.1530926008335326,0.5658475362939925
710,0,3.868848230098856,-0.021483128200733174,0.15308653502498917,0.5660057017418988
711,0,3.868758333962539,-0.021503640960897963,0.1531032824067504,0.5662252355739928
712,0,3.8683361793386526,-0.021593806681277847,0.1531180421499026,0.566208401771868
713,0,3.8684551206128353,-0.022108014080781842,0.1531195293478531,0.5658904325504862
714,0,3.871803323427836,-0.03231555995046729,0.1542049699186557,0.5550923384349562
715,0,3.865538999543968,-0.025566649878750958,0.15105096034930102,0.5547874262693384
717,0,3.8711708156464377,-0.029095906247393073,0.15369212222134124,0.5558211072533878
718,0,3.865522905509231,-0.027893654262453955,0.15458335144732477,0.5600183231825122
719,0,3.8658737202624343,-0.024103154474906897,0.15202848093379004,0.5597393912714032
721,0,3.864961498124259,-0.02998664513600196,0.15208556405270712,0.5474428026093928
722,0,3.863955192055021,-0.03038075760175291,0.15208721845014064,0.5478879406228895
723,0,3.8641755299908773,-0.0299351280917855,0.1520814668493866,0.5475145563297277
724,0,3.867513634397992,-0.025227664676943908,0.14960222031791814,0.5472030050781794
725,0,3.867242315061576,-0.03373704401904877,0.15471453198876597,0.5489920708738386
728,0,3.8641673050741283,-0.0207918033900106,0.14848156321746628,0.5517451986641294
729,0,3.866582156942903,-0.028207968286989866,0.15008334537477172,0.5443501373445713
730,0,3.866949138881491,-0.028372064713144126,0.15009173203515247,0.5442837860819503
731,0,3.8668850626019267,-0.028085380656520748,0.15010695969826274,0.5446702026637212
732,0,3.8651623939527835,-0.026286916733334696,0.14951181724382087,0.5455710218712181
733,0,3.8669671926567024,-0.034033083205428784,0.15321208450880136,0.5435587638630447
734,0,3.867793447582434,-0.02635759367483275,0.15106390428538538,0.5503892194582269
735,0,3.867342674985845,-0.02621116840822464,0.15106647818208474,0.5510302813730086
736,0,3.863747369431253,-0.02017247011852755,0.1464436460113946,0.5471715264778313
737,0,3.8675363757393577,-0.02745946209327237,0.14851695491111433,0.5383569060450454
738,0,3.8668644922429865,-0.02850068146320568,0.14855562618667495,0.5385768120883815
739,0,3.86751221223311,-0.02704113865546374,0.14857061428440543,0.5379692161040913
740,0,3.866553579677235,-0.028262015253898095,0.1485493727786588,0.5382804589381593
741,0,3.8655948949896772,-0.03217806489345034,0.15111795530446775,0.5389281292110678
742,0,3.870522468320785,-0.025780235431789658,0.14958535702856307,0.544210961944572
743,0,3.8662153961819685,-0.027399818722226615,0.15155190922011047,0.5484782031776133
744,0,3.8653261882130363,-0.021845442255449418,0.14844373817600712,0.5487917132840603
745,0,3.8684962260594005,-0.024017488632882424,0.14753638679964817,0.5420586676930872
746,0,3.8684005815049876,-0.026393712590619,0.14806002967912915,0.5402819598329068
747,0,3.8698548375484316,-0.024554520227086506,0.1475336144623528,0.5410857934359937
748,0,3.8687592990131585,-0.02453889846860596,0.14751330358561845,0.5412735472091352
750,0,3.872430850100774,-0.026011604025849813,0.14959642489197877,0.5433549521960606
751,0,3.866665091920406,-0.025686221089498185,0.15100797340213468,0.5497069232040794
752,0,3.8676443167373065,-0.023838185969750025,0.15048659171356027,0.5507992573682896
753,0,3.8674600663538956,-0.024135731647176997,0.15048857571148835,0.5510073440047643
754,0,3.8672855372142454,-0.024069469125817203,0.15049167062640426,0.5511494874610204
755,0,3.867253498980519,-0.023705023120283414,0.1504929310210921,0.5512510844824403
756,0,3.867358785636012,-0.023834364693781418,0.15049162073602487,0.5512623690676579
757,0,3.8671751081311663,-0.02338008106019197,0.1504904263535652,0.5514404435309626
758,0,3.8671224723856357,-0.02396306724259526,0.15049106513906266,0.5513802206678058
760,0,3.867420216610557,-0.019490783229742334,0.149426900690335,0.5565345413191746
762,0,3.867130446852299,-0.020541013207740003,0.14943222446339077,0.5558056931346831
763,0,3.866696178281265,-0.02461358658474123,0.15048845129384253,0.5505528045219867
764,0,3.876577365398407,-0.029155922923173094,0.15220943409789375,0.5468778598565691
765,0,3.8677304435194584,-0.020447383133853834,0.14946047360639683,0.5560049256492898
766,0,3.8696321451917606,-0.020663700082710058,0.1480032745382524,0.5504050733478664
767,0,3.870735251311715,-0.025263573182784826,0.15112215215422503,0.5502014928124396
768,0,3.8654190381368,-0.024964040860209424,0.15251756239715228,0.5555691694277364
769,0,3.866556554612979,-0.02101399408725773,0.14997658440697778,0.5546579792721444
770,0,3.8670348842093287,-0.019774291345251868,0.14792730782412972,0.5500764404890753
771,0,3.864563822746277,-0.027269438904936282,0.1500181018865153,0.5433307657577903
772,0,3.8667532953310184,-0.02622552066611294,0.1494875340921777,0.5440012933345297
773,0,3.869410187220402,-0.022779151972542468,0.1469887786452595,0.5430314277042695
774,0,3.8688107909058496,-0.022482739363649605,0.14694705733236632,0.5417543537122004
775,0,3.8718997660300714,-0.028684693368012035,0.1501127037862606,0.5414189704614496
778,0,3.866763007640839,-0.018670140114720978,0.14591320257890783,0.5470455711882959
779,0,3.869798727657484,-0.02010761307241594,0.14496142319889785,0.5394161566670168
781,0,3.869617311623845,-0.025253152179897185,0.1459806941784145,0.5336130491652533
782,0,3.8688123643833356,-0.02518076374960806,0.14597343252022785,0.5343166595931895
783,0,3.8707821656317605,-0.024924114853803095,0.14601881855487323,0.534143835381382
785,0,3.8707893132314988,-0.016850603227975887,0.14540741396450116,0.5484924191658315
787,0,3.8676883137744404,-0.019479134653828216,0.1449105267532156,0.5387708206041201
788,0,3.86708664894104,-0.025151809056316685,0.14590197184849016,0.5335609238573078
792,0,3.8634047134079204,-0.013345327341322398,0.13978115795400814,0.5367366626378891
797,0,3.8643238807359124,-0.01800844043826409,0.13598894308534126,0.5159160526375111
798,0,3.865002118696378,-0.030316642332706586,0.13714598467359237,0.4979258946778999
799,0,3.8667876529693603,-0.03340046966191949,0.1360955439270764,0.49004622619983296
806,0,3.860054537594556,-0.025396866893995947,0.13226761996718703,0.4922546039620731
807,0,3.864349520896092,-0.03776535186012206,0.133763842815772,0.47418410051511234
808,0,3.8650156274376073,-0.04225780145691024,0.13435145565398962,0.47072053051332796
809,0,3.8655664491852955,-0.04004637034262426,0.13222699343537048,0.4685559347118178
810,0,3.8645498682470882,-0.042615534693803955,0.1327230180490173,0.46558857846728874
815,0,3.863513737670646,-0.02563974647967761,0.12755034105874136,0.47476375444980823
816,0,3.8624885999239407,-0.04438129698165252,0.13160413421736145,0.4592676459806713
817,0,3.863659492924682,-0.045217358592284825,0.13162088479037437,0.45733185934185666
818,0,3.8657291788479378,-0.04250616686915926,0.12961574358082883,0.45534854895045446
819,0,3.8657829370991936,-0.04272300525716956,0.12957856888039204,0.4536013533213131
820,0,3.865285567321111,-0.041752100072437126,0.12793654053251613,0.45003909377342255
821,0,3.864271449415307,-0.04610219575069526,0.12839779124508569,0.44745789642926076
822,0,3.8625114930358753,-0.04828636833755432,0.12886706346615293,0.44559179264927773
827,0,3.864635105718646,-0.05283146942982959,0.13190073323382467,0.44532129605867093
828,0,3.8688987647664956,-0.042988033645336786,0.13008424164369223,0.4529329483000448
829,0,3.8660628703530766,-0.0403131902102449,0.12940043732212364,0.4551382540819247
830,0,3.867345832448149,-0.04018704977027018,0.12938796734518396,0.4536336581650196
831,0,3.865831789271585,-0.04258310945517521,0.12997846383231298,0.45296666640338745
832,0,3.867794799190734,-0.04038748278968388,0.12946277518757188,0.45327574792294745
833,0,3.8678239906294665,-0.040739593367005375,0.12950074722662835,0.4535915320955056
835,0,3.8675903839580084,-0.03203042657240353,0.1278952770490166,0.4640839084031266
836,0,3.867460504621907,-0.040242764350475614,0.12956570779339788,0.4538265632692349
837,0,3.8714966907583435,-0.0352237306540011,0.1270820953502354,0.4526476150904879
838,0,3.8720613563882895,-0.03633281162120543,0.12710426079320378,0.45171132589466917
839,0,3.871394775037108,-0.035062852424493154,0.1270539074139255,0.4518029244147439
843,0,3.866899252939625,-0.035554581511315755,0.13024480368065988,0.4641195684313533
844,0,3.8705635121313193,-0.033888560210343865,0.12814176872944907,0.4590415115326984
845,0,3.867534841227735,-0.03834470149672209,0.12911121729603844,0.4562143482569424
846,0,3.8723789826994803,-0.033348353317077466,0.12655916845097853,0.45346708988713286
847,0,3.870960625081227,-0.03621312445553791,0.12707123618558808,0.45199593377010305
848,0,3.871004986660675,-0.04111647003446511,0.12983812401870992,0.45276891709063516
849,0,3.8688116905537058,-0.035911875710808866,0.12866505232755623,0.4564041758729965
850,0,3.8693230437417316,-0.03874231012387332,0.12927585641979056,0.45433014765043783
851,0,3.870383665797025,-0.03338085767406323,0.12666845750281472,0.4541335906656065
852,0,3.868824075008261,-0.036256650725559225,0.1269938474113218,0.4503977139840163
853,0,3.871706355607145,-0.037052965889084015,0.12555065838604362,0.44620041596498117
854,0,3.8718788936148565,-0.036004953378552355,0.12553060527560364,0.44548546929172134
855,0,3.8716780670865654,-0.03649943513456257,0.1255045776459306,0.44497556709836733
856,0,3.8693048964466965,-0.03922582722333844,0.12602111934180704,0.4439542091156876
857,0,3.8707282145818076,-0.03902257782975507,0.1260305918906197,0.4428726141019401
858,0,3.8709876444028772,-0.04133142742173771,0.12827638630770044,0.4452285140482692
859,0,3.8742239587327356,-0.024345099548888832,0.12318742094755145,0.45283489673869665
860,0,3.868416057403431,-0.0367238388662928,0.1252631174192103,0.4450482928887329
861,0,3.869595750243263,-0.037074977218197136,0.12364097030499303,0.4397646697662882
862,0,3.8675632806760922,-0.041252181267864785,0.12462519511587253,0.4359225603913881
863,0,3.8710758084649437,-0.0400181287546414,0.12264691287190138,0.43330217543324323
864,0,3.8701268069378965,-0.04004493570673239,0.12253194908470415,0.43226314039082475
865,0,3.8677740377538345,-0.04284435783052291,0.12302599972080734,0.4303154117306522
866,0,3.866749813339927,-0.044910282240545545,0.12349223123448509,0.4282252234833676
867,0,3.8697411894798277,-0.04464227459499274,0.12363171870035483,0.4280215536807727
868,0,3.8697890741331085,-0.0397111173430227,0.12260846127673708,0.4309660339663905
869,0,3.8705217773558327,-0.042967557940152896,0.12323779494798542,0.42985340235202585
870,0,3.870204861099656,-0.039503999529532284,0.12264379232368132,0.4311225278431241
871,0,3.87105726220391,-0.03814612424360927,0.12046295381458696,0.4281290238274805
872,0,3.868514262208151,-0.04387573188398515,0.12146222595037307,0.4244569789780248
873,0,3.868422187036938,-0.03985355621490835,0.11926783732365452,0.4215665040575435
874,0,3.865806306633994,-0.046516773475070855,0.12021180037259954,0.417147302279464
875,0,3.8686338213254823,-0.04381212396072202,0.11817924805455611,0.4136592176213153
876,0,3.8671762818973776,-0.047494429811781216,0.11869526840241722,0.41125158447856863
877,0,3.865923717336835,-0.05042157691319808,0.12142318401520787,0.4114940464792411
878,0,3.868494028190397,-0.0440621780974841,0.11829108379554468,0.41341081390180445
879,0,3.8679966847478497,-0.04741153777913539,0.11882711588585265,0.41124152660904423
880,0,3.8658754260619106,-0.04749955867347423,0.11870089738138176,0.41072167780483043
881,0,3.8685295741523853,-0.04346189427030224,0.1166136761554802,0.406925646878739
882,0,3.8647865389402094,-0.04563783474902895,0.11702665267524957,0.40417637318243355
883,0,3.866090079051692,-0.048811695930298146,0.1155615858957302,0.3998474563221152
884,0,3.8645660725294375,-0.05155415372956115,0.11606319857289303,0.39703822653624055
885,0,3.8622381405290125,-0.05512482044272689,0.11658194802679846,0.39539382448733656
886,0,3.8673954210659063,-0.05035437189450598,0.11405094576541651,0.3930504603341494
887,0,3.866117000579834,-0.05198282960759457,0.11460074398012167,0.3917208893265194
888,0,3.868076031750972,-0.05027224782866997,0.11413432009505423,0.3918331228978458
889,0,3.8678090773006475,-0.050750698533346,0.11411308397606423,0.39163173471230206
892,0,3.866272734660728,-0.04335880479486738,0.11324236818623395,0.39904020974335747
894,0,3.86829293942919,-0.03496722858692822,0.10991928286052856,0.40370087780997105
895,0,3.860927831097908,-0.05601040259146056,0.11368065956168134,0.3849286215170505
896,0,3.864612839772151,-0.053802584951515596,0.11166201918286402,0.3810461634712492
897,0,3.864405241990701,-0.05344103773584207,0.11157870282920647,0.37977202675426114
898,0,3.864474973923121,-0.054142865958137686,0.11156319958098229,0.3785088872744458
899,0,3.8668748902291368,-0.056435156389158796,0.11236098384342356,0.37725869334208717
900,0,3.865439778052006,-0.05601406192110129,0.11404386360519064,0.3826842713724789
904,0,3.866218569391061,-0.050602931377057445,0.10730810249712518,0.37077143898347337
905,0,3.860452450336294,-0.05827389380236979,0.10882532172375735,0.3658401185606509
906,0,3.8637578141304756,-0.05631318920878799,0.10677278891407536,0.3620718712583334
907,0,3.860876007337828,-0.06138467617927352,0.1072090456344179,0.35919632854722494
908,0,3.858870248431745,-0.06193685297156138,0.10772750329538114,0.35718299352277244
909,0,3.8644773230526615,-0.05642949260167708,0.10521537523911317,0.3553438542439969
910,0,3.8620270775712053,-0.06424171214751556,0.1078861439631688,0.3557777859538739
911,0,3.860256360924762,-0.06248269007340429,0.10792107879592056,0.35696093184942773
912,0,3.8653445308977137,-0.056450183036396165,0.10538640866132991,0.3555087579805696
913,0,3.8676173090934753,-0.05452544540157117,0.1048843216986009,0.3564249100430023
914,0,3.8596423310660275,-0.05898538741166455,0.10499132215222395,0.35410549797069574
915,0,3.861547703183563,-0.0634555786954728,0.10416399473273658,0.3481252893641681
916,0,3.8591403974501115,-0.06257416552934651,0.10404583934287831,0.34701364620442604
917,0,3.855990819338351,-0.0680600674674941,0.10518870387794445,0.343476629405256
918,0,3.863001563454752,-0.05888350960804224,0.10204403435524839,0.34286046782606483
919,0,3.858487833568028,-0.0661363798421475,0.1031270087896973,0.3401058791785929
920,0,3.861309178216117,-0.06742741332123323,0.10326635588759218,0.3397878512055187
921,0,3.8640274784781714,-0.06275468265531262,0.10280616597142717,0.3410166221537438
922,0,3.863535839285554,-0.0593235940698108,0.10215002713843545,0.3426806788204083
923,0,3.859976703098842,-0.0664836095127144,0.10330396950200679,0.34052888382122465
924,0,3.856616794041225,-0.06566653503753644,0.10314286453410519,0.3394977947677069
925,0,3.858954289055973,-0.06304569951964231,0.1010091325170513,0.33530505008563233
926,0,3.854783862654926,-0.07021638464399788,0.10209532913601707,0.3322195381078192
927,0,3.854425897375185,-0.07026278166993996,0.1020340141075759,0.33084706252268575
942,0,3.8586030550170363,-0.06113541849183561,0.0990320433735418,0.33159318345914107
943,0,3.8571732399009524,-0.06247838729437457,0.09736749264411373,0.32490270330777704
944,0,3.858456088557388,-0.06499796094492812,0.09584287372264091,0.3190937930963527
945,0,3.859674515547576,-0.0658745160459249,0.09437929774045983,0.3140305328467036
946,0,3.8563800080222372,-0.06813723072015271,0.09483416962011008,0.3104077763345485
947,0,3.8528742894530295,-0.07193609025125625,0.09532236959719875,0.30794351075349125
948,0,3.856762763820117,-0.07170554236239685,0.09334664868205302,0.3058693861900854
949,0,3.853981520719589,-0.07502777860139423,0.0938543380092283,0.3038518960254696
950,0,3.859541239617746,-0.07175461675152418,0.09341850925800801,0.3030477595453107
951,0,3.858722341211536,-0.06963309838621931,0.09345297729363246,0.30413813486986124
952,0,3.856550598446327,-0.07094321443656565,0.09337128173781191,0.3044079254535254
953,0,3.855016050824694,-0.07431686327534373,0.0939546099861369,0.3025197477525437
954,0,3.8606788810295396,-0.07103222604587532,0.0935586741618269,0.3032355091799998
955,0,3.858602306645387,-0.06306976446092646,0.09072935974079802,0.3028759737750019
956,0,3.8553715702755,-0.07019770919596875,0.08965324690489636,0.29638050119527143
957,0,3.8496500861565797,-0.07709696504540767,0.09065653213762571,0.29130567735285406
958,0,3.8547865288369607,-0.07427759219023981,0.08873594143405364,0.2870422960054882
959,0,3.8512236340840658,-0.08208633115378992,0.09137566518715667,0.2874928124144207
960,0,3.8533359616008025,-0.07888217221514557,0.09082248196761242,0.28969371208701955
961,0,3.8524833909723144,-0.07775253959756123,0.09081858940977484,0.29000458410576035
962,0,3.8528630117706903,-0.07809883006539708,0.09084734046221586,0.2898639804136699
963,0,3.855789626670989,-0.07717458425368805,0.09099859540094732,0.289765552024476
964,0,3.858067884256965,-0.07393010652556672,0.09049270759471251,0.2923057373956734
965,0,3.856226961863668,-0.07447340977121317,0.09044848947450616,0.29265484087188226
966,0,3.857911937284154,-0.06675112258106322,0.08770171048886416,0.29047812660682265
967,0,3.8540431429075714,-0.07612790913170761,0.08876226747007931,0.28634146746608896
968,0,3.852336861143176,-0.07553251622609283,0.08867058524611342,0.28487530109276393
969,0,3.856438497296807,-0.07321283566689461,0.08670084676171134,0.28220842279146147
970,0,3.8534221861460436,-0.07569653504728419,0.0872322352309667,0.2802005239862736
971,0,3.8502574811379113,-0.07532926292353181,0.08495062986511699,0.2776963310173372
973,0,3.857904218647578,-0.05297970102580546,0.08060164690324571,0.2860803479085793
974,0,3.8509981734412055,-0.07986311969746436,0.08409639104996025,0.26788203733862154
975,0,3.8479144828660146,-0.081523278996292,0.08398971974102272,0.2681743770368477
976,0,3.850449978441432,-0.07711520079549476,0.08197952553330864,0.26462799564754846
977,0,3.846689483545122,-0.08117118216991215,0.08244251498857025,0.2617377344580536
978,0,3.842668883940753,-0.08774223556846504,0.08294329966445751,0.26032971800347077
979,0,3.84901606241862,-0.0800177385495873,0.08037351648275746,0.2576054532560322
980,0,3.845623503870039,-0.08508371096234699,0.08090500493680886,0.25587256061252067
984,0,3.844627741557449,-0.08558427495534407,0.08091660560710871,0.2592586623865944
986,0,3.8432718413744786,-0.08586021069263093,0.07710917987998733,0.24808175301951443
987,0,3.842315544128418,-0.09167901993029955,0.07619459876307778,0.23940129092985454
988,0,3.837041316493865,-0.09884857525485718,0.07662697202380762,0.23588592232397831
989,0,3.842961782314738,-0.09393654137417172,0.0746876505549796,0.2313593372926563
990,0,3.8374296495737124,-0.10069749874739786,0.07516255693521073,0.2305865806424445
991,0,3.83187415599823,-0.10513392129384252,0.07561869557705275,0.2281450339116953
992,0,3.8389704127271638,-0.09718368772809215,0.07298010156185247,0.22465818743809288
993,0,3.834859811653525,-0.10087857458796923,0.07348637527714517,0.2213456781856646
994,0,3.8325363407787094,-0.10938482985430811,0.07412887489009434,0.2211108913241115
995,0,3.829694404440411,-0.116422070547449,0.077042311809343,0.2220027268796992
996,0,3.8376638692272595,-0.09972291685951197,0.0751601313945281,0.22778999602693809
997,0,3.842627912759781,-0.0927945778455334,0.0724745755203663,0.22670810695604532
998,0,3.836951241654865,-0.10364131958044323,0.07367995926606061,0.22273912560921302
999,0,3.8424599843147473,-0.09457305187491788,0.07103567604948388,0.22099984555758764
1000,0,3.8346455364391723,-0.09997546917142684,0.0713542788154916,0.21823052525006836
1001,0,3.8394905684287086,-0.09724546688927435,0.06933479073269735,0.21338973903516203
1002,0,3.8347355327774992,-0.10213839005451213,0.0698148912375417,0.2106822526510254
1003,0,3.840449857282209,-0.1015974212805427,0.06790369690122022,0.2086054552418918
1004,0,3.8389165959916673,-0.09902432209760305,0.06780710916415449,0.2065333984563095
1005,0,3.8335688135840678,-0.10579785441514104,0.06827779404753188,0.20559985921925658
1006,0,3.8324926701459017,-0.10557492130213755,0.06821376315877949,0.2035998748306936
1007,0,3.8372941304136208,-0.1044080688731802,0.06623934528895445,0.202032498990901
1008,0,3.8363135434963085,-0.1052578738785449,0.06614891333242484,0.1995725998609932
1009,0,3.8341285335683377,-0.10608830226630114,0.0668362494226764,0.19702830301861735
1010,0,3.833423634187891,-0.11046576185777801,0.06899013613022717,0.19939860010452007
1011,0,3.8438616892613404,-0.09651887875878264,0.06581952199574845,0.20290624592629994
1012,0,3.838703578168696,-0.10472089460447685,0.06852704440706255,0.2018543273365721
1013,0,3.839371771425814,-0.10016304725436671,0.06793248999439093,0.20511872062424724
1014,0,3.845432682470842,-0.09138764787507667,0.06526284627049388,0.204265935290317
1015,0,3.838456158284788,-0.10489390468110624,0.06638672336511507,0.20082193584388758
1016,0,3.844484270743604,-0.08542624462279491,0.060797578165739344,0.1976512270820396
1017,0,3.838903149354805,-0.10434572118107292,0.06256181752107001,0.1874482900662873
1018,0,3.8357650886461574,-0.10472035330428642,0.062409069716277875,0.18775853923849783
1019,0,3.8313862833322263,-0.11188476316416271,0.06295387896858329,0.18611105756401508
1020,0,3.8403340235795125,-0.10027257140292463,0.06046484073503527,0.18404467043152878
1021,0,3.836695454120636,-0.10786937075346942,0.0609785136563328,0.1832919137453056
1022,0,3.8351716566085816,-0.10795772384502925,0.06086138840489548,0.1818272663329096
1023,0,3.8445297828828444,-0.09840076474703359,0.058325284775338264,0.17922307384844555
1024,0,3.841495929932108,-0.10432118051138954,0.058908288593581104,0.17731672852932515
1025,0,3.832549938047775,-0.11722969818117115,0.06148555296480837,0.1783622978256671
1027,0,3.8591926726427945,-0.045675294462390326,0.055489001416658676,0.2118898883859244
1028,0,3.8358793115615843,-0.10713730039686198,0.06097583542837363,0.18211223495713916
1029,0,3.8428090076253874,-0.09783068632047313,0.05827022286585606,0.17989495419562984
1030,0,3.8326251843963006,-0.11442302741878195,0.06143744298760704,0.17689118868602535
1038,0,3.837041316493865,-0.09884857525485718,0.07662697202380762,0.23588592232397831
1039,0,3.842961782314738,-0.09393654137417172,0.0746876505549796,0.2313593372926563
1040,0,3.8374296495737124,-0.10069749874739786,0.07516255693521073,0.2305865806424445
1041,0,3.83187415599823,-0.10513392129384252,0.07561869557705275,0.2281450339116953
1042,0,3.8389704127271638,-0.09718368772809215,0.07298010156185247,0.22465818743809288
1043,0,3.834859811653525,-0.10087857458796923,0.07348637527714517,0.2213456781856646
1044,0,3.8325363407787094,-0.10938482985430811,0.07412887489009434,0.2211108913241115
1045,0,3.829694404440411,-0.116422070547449,0.077042311809343,0.2220027268796992
1046,0,3.8376638692272595,-0.09972291685951197,0.0751601313945281,0.22778999602693809
1047,0,3.842627912759781,-0.0927945778455334,0.0724745755203663,0.22670810695604532
1048,0,3.836951241654865,-0.10364131958044323,0.07367995926606061,0.22273912560921302
1049,0,3.8424599843147473,-0.09457305187491788,0.07103567604948388,0.22099984555758764
1050,0,3.8346455364391723,-0.09997546917142684,0.0713542788154916,0.21823052525006836
1051,0,3.8394905684287086,-0.09724546688927435,0.06933479073269735,0.21338973903516203
1052,0,3.8347355327774992,-0.10213839005451213,0.0698148912375417,0.2106822526510254
1053,0,3.840449857282209,-0.1015974212805427,0.06790369690122022,0.2086054552418918
1054,0,3.8389165959916673,-0.09902432209760305,0.06780710916415449,0.2065333984563095
1055,0,3.8335688135840678,-0.10579785441514104,0.06827779404753188,0.20559985921925658
1056,0,3.8324926701459017,-0.10557492130213755,0.06821376315877949,0.2035998748306936
1057,0,3.8372941304136208,-0.1044080688731802,0.06623934528895445,0.202032498990901
1058,0,3.8363135434963085,-0.1052578738785449,0.06614891333242484,0.1995725998609932
1059,0,3.8341285335683377,-0.10608830226630114,0.0668362494226764,0.19702830301861735
1060,0,3.833423634187891,-0.11046576185777801,0.06899013613022717,0.19939860010452007
1061,0,3.8438616892613404,-0.09651887875878264,0.06581952199574845,0.20290624592629994
1062,0,3.838703578168696,-0.10472089460447685,0.06852704440706255,0.2018543273365721
1063,0,3.839371771425814,-0.10016304725436671,0.06793248999439093,0.20511872062424724
1064,0,3.845432682470842,-0.09138764787507667,0.06526284627049388,0.204265935290317
1065,0,3.838456158284788,-0.10489390468110624,0.06638672336511507,0.20082193584388758
1066,0,3.844484270743604,-0.08542624462279491,0.060797578165739344,0.1976512270820396
1067,0,3.838903149354805,-0.10434572118107292,0.06256181752107001,0.1874482900662873
1068,0,3.8357650886461574,-0.10472035330428642,0.062409069716277875,0.18775853923849783
1069,0,3.8313862833322263,-0.11188476316416271,0.06295387896858329,0.18611105756401508
1070,0,3.8403340235795125,-0.10027257140292463,0.06046484073503527,0.18404467043152878
1071,0,3.836695454120636,-0.10786937075346942,0.0609785136563328,0.1832919137453056
1072,0,3.8351716566085816,-0.10795772384502925,0.06086138840489548,0.1818272663329096
1073,0,3.8445297828828444,-0.09840076474703359,0.058325284775338264,0.17922307384844555
1074,0,3.841495929932108,-0.10432118051138954,0.058908288593581104,0.17731672852932515
1075,0,3.832549938047775,-0.11722969818117115,0.06148555296480837,0.1783622978256671
1077,0,3.8591926726427945,-0.045675294462390326,0.055489001416658676,0.2118898883859244
1078,0,3.8358793115615843,-0.10713730039686198,0.06097583542837363,0.18211223495713916
1079,0,3.8428090076253874,-0.09783068632047313,0.05827022286585606,0.17989495419562984
1080,0,3.8326251843963006,-0.11442302741878195,0.06143744298760704,0.17689118868602535
